{
  "RandomForest": {
    "cv_mean": 0.9515542092432877,
    "cv_std": 0.0007489855127082307,
    "test_accuracy": 0.9511559280916777,
    "test_auc": 0.9413261807566741,
    "classification_report": {
      "0": {
        "precision": 0.9763751763046544,
        "recall": 0.5127777777777778,
        "f1-score": 0.6724137931034483,
        "support": 5400.0
      },
      "1": {
        "precision": 0.9497910345222419,
        "recall": 0.9986556173124386,
        "f1-score": 0.9736105948864414,
        "support": 49837.0
      },
      "accuracy": 0.9511559280916777,
      "macro avg": {
        "precision": 0.9630831054134481,
        "recall": 0.7557166975451082,
        "f1-score": 0.8230121939949449,
        "support": 55237.0
      },
      "weighted avg": {
        "precision": 0.9523899150846371,
        "recall": 0.9511559280916777,
        "f1-score": 0.9441654271613992,
        "support": 55237.0
      }
    },
    "confusion_matrix": [
      [
        2769,
        2631
      ],
      [
        67,
        49770
      ]
    ]
  },
  "GradientBoosting": {
    "cv_mean": 0.9611220737625347,
    "cv_std": 0.0003958759952551846,
    "test_accuracy": 0.9615294096348462,
    "test_auc": 0.96491787672256,
    "classification_report": {
      "0": {
        "precision": 0.9453358716344846,
        "recall": 0.6437037037037037,
        "f1-score": 0.7658918144761485,
        "support": 5400.0
      },
      "1": {
        "precision": 0.9626842513576416,
        "recall": 0.9959668519373156,
        "f1-score": 0.9790427724686135,
        "support": 49837.0
      },
      "accuracy": 0.9615294096348462,
      "macro avg": {
        "precision": 0.9540100614960632,
        "recall": 0.8198352778205096,
        "f1-score": 0.872467293472381,
        "support": 55237.0
      },
      "weighted avg": {
        "precision": 0.9609882640573709,
        "recall": 0.9615294096348462,
        "f1-score": 0.9582050156541718,
        "support": 55237.0
      }
    },
    "confusion_matrix": [
      [
        3476,
        1924
      ],
      [
        201,
        49636
      ]
    ]
  },
  "LogisticRegression": {
    "cv_mean": 0.918903994906243,
    "cv_std": 0.00067663263332208,
    "test_accuracy": 0.9191846045223311,
    "test_auc": 0.8009146112623449,
    "classification_report": {
      "0": {
        "precision": 0.825452016689847,
        "recall": 0.21981481481481482,
        "f1-score": 0.3471775372916057,
        "support": 5400.0
      },
      "1": {
        "precision": 0.9216899942378111,
        "recall": 0.9949635812749563,
        "f1-score": 0.9569261646532093,
        "support": 49837.0
      },
      "accuracy": 0.9191846045223311,
      "macro avg": {
        "precision": 0.873571005463829,
        "recall": 0.6073891980448856,
        "f1-score": 0.6520518509724076,
        "support": 55237.0
      },
      "weighted avg": {
        "precision": 0.9122817157513073,
        "recall": 0.9191846045223311,
        "f1-score": 0.8973167979650718,
        "support": 55237.0
      }
    },
    "confusion_matrix": [
      [
        1187,
        4213
      ],
      [
        251,
        49586
      ]
    ]
  },
  "SVM": {
    "cv_mean": 0.9489698923380869,
    "cv_std": 0.0002931428434396505,
    "test_accuracy": 0.9503050491518367,
    "test_auc": 0.9325640774108781,
    "classification_report": {
      "0": {
        "precision": 0.9435349148012028,
        "recall": 0.522962962962963,
        "f1-score": 0.6729417371619206,
        "support": 5400.0
      },
      "1": {
        "precision": 0.9506929025342623,
        "recall": 0.9966089451612256,
        "f1-score": 0.9731095894436771,
        "support": 49837.0
      },
      "accuracy": 0.9503050491518367,
      "macro avg": {
        "precision": 0.9471139086677325,
        "recall": 0.7597859540620943,
        "f1-score": 0.8230256633027988,
        "support": 55237.0
      },
      "weighted avg": {
        "precision": 0.9499931336518371,
        "recall": 0.9503050491518367,
        "f1-score": 0.9437650123971054,
        "support": 55237.0
      }
    },
    "confusion_matrix": [
      [
        2824,
        2576
      ],
      [
        169,
        49668
      ]
    ]
  },
  "KNN": {
    "cv_mean": 0.94929575576768,
    "cv_std": 0.000614036897679862,
    "test_accuracy": 0.9491826131035357,
    "test_auc": 0.8828777016778402,
    "classification_report": {
      "0": {
        "precision": 0.8461949265687584,
        "recall": 0.5868518518518518,
        "f1-score": 0.6930563149261891,
        "support": 5400.0
      },
      "1": {
        "precision": 0.9566728812242679,
        "recall": 0.988442321969621,
        "f1-score": 0.9722981574869978,
        "support": 49837.0
      },
      "accuracy": 0.9491826131035357,
      "macro avg": {
        "precision": 0.9014339038965131,
        "recall": 0.7876470869107364,
        "f1-score": 0.8326772362065935,
        "support": 55237.0
      },
      "weighted avg": {
        "precision": 0.9458724946149345,
        "recall": 0.9491826131035357,
        "f1-score": 0.9449993188493389,
        "support": 55237.0
      }
    },
    "confusion_matrix": [
      [
        3169,
        2231
      ],
      [
        576,
        49261
      ]
    ]
  },
  "NaiveBayes": {
    "cv_mean": 0.20479479044095145,
    "cv_std": 0.0021849187506572817,
    "test_accuracy": 0.20681789380306678,
    "test_auc": 0.7963083987131381,
    "classification_report": {
      "0": {
        "precision": 0.10971124342118632,
        "recall": 0.9998148148148148,
        "f1-score": 0.197725732910952,
        "support": 5400.0
      },
      "1": {
        "precision": 0.9998340524394291,
        "recall": 0.1208941148142946,
        "f1-score": 0.21570628143851925,
        "support": 49837.0
      },
      "accuracy": 0.20681789380306678,
      "macro avg": {
        "precision": 0.5547726479303077,
        "recall": 0.5603544648145548,
        "f1-score": 0.20671600717473562,
        "support": 55237.0
      },
      "weighted avg": {
        "precision": 0.912815149010595,
        "recall": 0.20681789380306678,
        "f1-score": 0.2139484929625183,
        "support": 55237.0
      }
    },
    "confusion_matrix": [
      [
        5399,
        1
      ],
      [
        43812,
        6025
      ]
    ]
  },
  "DecisionTree": {
    "cv_mean": 0.9524231944690704,
    "cv_std": 0.0007204111373433325,
    "test_accuracy": 0.9519705994170574,
    "test_auc": 0.9402456210951405,
    "classification_report": {
      "0": {
        "precision": 0.9089014587674903,
        "recall": 0.5653703703703704,
        "f1-score": 0.6971115424135175,
        "support": 5400.0
      },
      "1": {
        "precision": 0.9547592428389684,
        "recall": 0.9938599835463612,
        "f1-score": 0.9739173179963624,
        "support": 49837.0
      },
      "accuracy": 0.9519705994170574,
      "macro avg": {
        "precision": 0.9318303508032293,
        "recall": 0.7796151769583658,
        "f1-score": 0.83551443020494,
        "support": 55237.0
      },
      "weighted avg": {
        "precision": 0.9502761602315498,
        "recall": 0.9519705994170574,
        "f1-score": 0.9468566306283417,
        "support": 55237.0
      }
    },
    "confusion_matrix": [
      [
        3053,
        2347
      ],
      [
        306,
        49531
      ]
    ]
  }
}