Model,Accuracy,Precision,Recall,F1,AUC
XGBoost,0.556,0.6180904522613065,0.45724907063197023,0.5256410256410257,0.597933664848163
LSTM,0.992764705882353,0.9986184792219275,0.9879182156133829,0.9932395295152248,0.9990638488462996
